lad_code,lad_name,region_name,centroid_lat,centroid_long,median_2015,latest_median_price,start_sales,end_sales,cagr_pct,appreciation_rank,transaction_count
E08000006,Salford,North West,53.4968917699545491,-2.3352053040427398,129995,239995,4512,3373,6.3,1,122196
W06000019,Blaenau Gwent,Wales,51.7676672692781473,-3.1918736511456024,78000,140500,753,737,6.1,2,25120
E06000016,Leicester,East Midlands,52.6360574578451883,-1.1251369609832636,135000,242000,3442,2193,6.0,3,113725
E08000004,Oldham,North West,53.5431561928239870,-2.1048590055200100,119500,214000,2473,2337,6.0,4,97508
E08000028,Sandwell,West Midlands,52.5120365068821689,-2.0093614313868613,124950,220000,3317,2489,5.8,5,111954
E08000003,Manchester,North West,53.4614277950870990,-2.2306665467535816,143000,250000,7051,4498,5.7,6,221822
E06000018,Nottingham,East Midlands,52.9611221481340803,-1.16884418022979774001,115000,200000,3825,2708,5.7,7,122675
E08000031,Wolverhampton,West Midlands,52.5879815841787302,-2.1189597609711615,128000,222000,2737,2140,5.7,8,87503
E08000001,Bolton,North West,53.5773846655971122,-2.4483238872956984,120000,208000,3642,3209,5.7,9,128302
E07000117,Burnley,North West,53.7918094507564944,-2.2507913437053954,78000,134670,1317,1284,5.6,10,54720
E08000008,Tameside,North West,53.4738694800230282,-2.0913418051813472,125000,215000,2980,2678,5.6,11,103741
E08000002,Bury,North West,53.5701992100618840,-2.3033656975704790,146995,250000,2914,2270,5.5,12,94993
E08000007,Stockport,North West,53.3976535040504898,-2.1536065461567445,183000,310000,4941,4347,5.4,13,152836
E08000009,Trafford,North West,53.4240010342963488,-2.3336408483693726,220500,370000,3899,2968,5.3,14,117109
E07000172,Broxtowe,East Midlands,52.9551060231164384,-1.2497818370433790,149000,250000,1799,1529,5.3,15,57783
E07000135,Oadby and Wigston,East Midlands,52.5873338582923558,-1.1029204309342870,167000,278500,869,668,5.2,16,27093
E07000199,Tamworth,West Midlands,52.6261677686398554,-1.6806704112065070,150000,250000,1008,1083,5.2,17,38489
E07000173,Gedling,East Midlands,52.9971159949664430,-1.1087812402125280,150000,250000,2052,1792,5.2,17,64419
E08000030,Walsall,West Midlands,52.5955442222956016,-1.9810343979659226,135000,225000,3196,2673,5.2,17,101322
E08000005,Rochdale,North West,53.5999859044827165,-2.1720200502015390,124950,207000,2686,2446,5.2,20,90260
E07000219,Nuneaton and Bedworth,West Midlands,52.5067970672004575,-1.4744789127823849,145000,240000,2075,1811,5.2,21,67009
E07000192,Cannock Chase,West Midlands,52.7074607881188119,-1.9940450586633663,138000,228000,1407,1374,5.1,22,48134
E07000062,Hastings,South East,50.8656743093750000,0.56597937906250000000,171000,282500,1952,1257,5.1,23,60616
E08000027,Dudley,West Midlands,52.4848585955334988,-2.1099386876426799,147500,242000,4224,3530,5.1,24,131996
E07000114,Thanet,South East,51.3629543712497699,1.3885579219584024,180000,295000,2938,2009,5.1,25,84386
E08000011,Knowsley,North West,53.4332868229060526,-2.8467006586509069,119050,195000,1514,1738,5.1,26,56827
E08000025,Birmingham,West Midlands,52.4806205655751708,-1.8852513660592255,145000,237500,12580,9054,5.1,27,419720
W06000020,Torfaen,Wales,51.6758921011288805,-3.0358869541392286,122250,200000,1046,1018,5.0,28,37175
E06000032,Luton,East of England,51.8913823560318665,-0.43005577807283763278,193000,315000,2611,1676,5.0,29,93541
E06000035,Medway,South East,51.3812726524773203,0.53861963305419865085,191500,312500,4757,3427,5.0,30,142967
E07000122,Pendle,North West,53.8640004419838524,-2.1942554987312572,90000,146750,1379,1362,5.0,31,51224
W06000024,Merthyr Tydfil,Wales,51.7351179679679680,-3.3633275570570571,89000,145000,713,583,5.0,32,21966
E06000008,Blackburn with Darwen,North West,53.7291191373006612,-2.4771772956048230,103000,167750,1652,1816,5.0,33,69625
E06000023,"Bristol, City of",South West,51.4605600229769110,-2.5874414444631249,215000,350000,7990,5855,5.0,34,235062
E07000239,Wyre Forest,West Midlands,52.3755086293241695,-2.2646268487972509,156950,255275,1597,1466,5.0,35,48939
W06000018,Caerphilly,Wales,51.6455996104334568,-3.2043685438902200,118750,192500,2134,2052,4.9,36,75047
E07000076,Tendring,East of England,51.8491451090999668,1.1470551800066423,175000,283250,3146,2508,4.9,37,99050
E07000109,Gravesham,South East,51.4248819571884984,0.37396782300319488818,230000,370000,1429,1132,4.9,38,45066
E07000037,High Peak,East Midlands,53.3643904718886983,-1.9407263291404612,163000,261500,1578,1393,4.8,39,50332
E07000220,Rugby,West Midlands,52.3751581142306634,-1.2809708089733003,187500,300748,1917,1752,4.8,40,60141
E08000010,Wigan,North West,53.5249038588122605,-2.5850272755747126,125000,199999,4344,4277,4.8,41,153577
E07000033,Bolsover,East Midlands,53.2076801086510865,-1.2748448765887659,115000,183500,1217,1234,4.8,42,40611
E06000015,Derby,East Midlands,52.9126931204500331,-1.47186340114162806089,138000,220000,3653,2899,4.8,43,120862
E07000036,Erewash,East Midlands,52.9327285441133931,-1.3153874567544113,135000,215000,1994,1593,4.8,44,61647
E06000021,Stoke-on-Trent,West Midlands,53.0156988204842129,-2.1666580734129198,100500,160000,3359,2754,4.8,45,118904
E07000129,Blaby,East Midlands,52.5897182394003279,-1.2008910367767627,176000,280000,1854,1415,4.8,46,53637
E07000066,Basildon,East of England,51.5901365855124249,0.46541609680038980023,230000,365000,3353,2426,4.7,47,94483
E08000026,Coventry,West Midlands,52.4129799941433287,-1.5063375932275583,145000,230000,4681,3402,4.7,48,145612
E08000039,Sheffield,Yorkshire and The Humber,53.3848346656542778,-1.4671844095027283,138000,218361,7392,5893,4.7,49,236237
E07000113,Swale,South East,51.3537619614955357,0.78867832124255952381,195950,310000,2611,2156,4.7,50,77681
E06000034,Thurrock,East of England,51.4949606024458701,0.33956171972734562951,225000,355000,2783,1945,4.7,51,87396
E08000036,Wakefield,Yorkshire and The Humber,53.6758899611468600,-1.42596337859411908447,130000,205000,5064,4479,4.7,52,157771
E07000133,Melton,East Midlands,52.7868968086696562,-0.87739116542102640757,172500,272000,891,914,4.7,53,28470
E08000035,Leeds,Yorkshire and The Humber,53.8126547079726063,-1.5489187751324461,157000,247500,11984,9499,4.7,54,387541
E06000061,North Northamptonshire,East Midlands,52.3807825986296735,-0.66912545609879884960,165000,260000,6484,5183,4.7,55,198120
W06000022,Newport,Wales,51.5880921730078305,-2.9905640569322893,150000,236000,2330,2158,4.6,56,71486
E08000034,Kirklees,Yorkshire and The Humber,53.6554271004654537,-1.7336232699631264,135000,212178,5687,5278,4.6,57,200407
W06000015,Cardiff,Wales,51.4984705056148849,-3.1852118652978091,172000,270000,5403,4257,4.6,58,174509
E09000016,Havering,London,51.5704302197436529,0.20320951947251663791,287500,450000,4151,3013,4.6,59,115576
E08000038,Barnsley,Yorkshire and The Humber,53.5462358130990415,-1.4675762964399817,115000,180000,3190,3105,4.6,59,112507
W06000011,Swansea,Wales,51.6421326571593533,-3.9783672260969977,133000,208000,3120,2827,4.6,61,109018
W06000013,Bridgend,Wales,51.5312378682440269,-3.6050219995360705,137500,215000,2318,1897,4.6,62,66974
E06000033,Southend-on-Sea,East of England,51.5461600720949958,0.70292326921119592875,221000,345000,3402,2320,4.6,63,109589
E07000112,Folkestone and Hythe,South East,51.0678655119918699,1.0916122176829268,205000,320000,2179,1714,4.6,64,65809
E07000170,Ashfield,East Midlands,53.0873156612021858,-1.2486749055859138,125000,195000,1981,1741,4.5,65,63468
E06000031,Peterborough,East of England,52.5865265987895091,-0.26795868231338264963,155000,241750,3137,2234,4.5,66,101129
E07000174,Mansfield,East Midlands,53.1546057613768961,-1.1849079156942824,122000,190000,1712,1433,4.5,67,54409
E07000125,Rossendale,North West,53.6971188903246139,-2.2590563621178695,122850,190500,1089,1094,4.5,68,36434
E07000194,Lichfield,West Midlands,52.6834366673949988,-1.8408380818159748,200000,310000,1654,1687,4.5,69,53860
E06000039,Slough,South East,51.5111593474974464,-0.59211276547497446374,255000,395000,1839,930,4.5,70,60534
E06000049,Cheshire East,North West,53.1968611655990642,-2.3126276783824430,193750,300000,7289,6865,4.5,71,226643
E07000142,West Lindsey,East Midlands,53.3803260477005871,-0.53808796257338551859,150000,232000,1691,1553,4.5,72,52633
E07000146,King's Lynn and West Norfolk,East of England,52.7389855067054451,0.43859062514137986751,173000,267500,2813,2135,4.5,73,86976
E07000134,North West Leicestershire,East Midlands,52.7452425744768158,-1.4003644456298728,173000,267500,1926,1692,4.5,73,57538
E07000081,Gloucester,South West,51.8486607797552836,-2.2375781288468669,165000,255000,2368,1859,4.4,75,74236
E06000007,Warrington,North West,53.3974189736936079,-2.5785737011070111,165000,255000,3345,2811,4.4,75,105190
E09000002,Barking and Dagenham,London,51.5461599075879610,0.12490808520559559135,246000,380000,2241,1232,4.4,77,67350
E08000013,St. Helens,North West,53.4528319990438247,-2.7183216081274900,124000,191125,2318,2178,4.4,78,76227
E07000171,Bassetlaw,East Midlands,53.3325779329620462,-1.0233250765264026,134995,208000,1756,1807,4.4,79,59357
E07000074,Maldon,East of England,51.7126124166666667,0.73025926195355191257,250000,385000,1099,1028,4.4,80,37667
E07000010,Fenland,East of England,52.5865468047040169,0.07899412737843551797,150000,231000,1784,1507,4.4,80,60733
E07000196,South Staffordshire,West Midlands,52.6111933679839633,-2.1541203427835052,190000,292500,1499,1374,4.4,82,46728
E06000030,Swindon,South West,51.5681285599657644,-1.7803977515780464,182000,280000,4468,3254,4.4,83,133556
E07000132,Hinckley and Bosworth,East Midlands,52.5831976814794369,-1.3527511432514491,172000,264000,2290,1825,4.4,84,63820
E07000130,Charnwood,East Midlands,52.7379195100946936,-1.1677296943005181,179950,275750,2912,2497,4.4,85,90973
E07000236,Redditch,West Midlands,52.3008148674077015,-1.9352942802699484,170000,260000,1335,1078,4.3,86,43417
W06000012,Neath Port Talbot,Wales,51.6599674617209403,-3.7865689102868234,108000,165000,1894,1722,4.3,87,60258
E06000006,Halton,North West,53.3513984643998174,-2.7214102183934277,128000,195500,1532,1469,4.3,88,52541
W06000023,Powys,Wales,52.3396231544314499,-3.3465661931802170,164000,250000,1687,1426,4.3,89,52887
E08000014,Sefton,North West,53.5392833984701683,-2.9985851425803162,151000,230000,3844,3559,4.3,90,124929
E07000136,Boston,East Midlands,52.9697734124060150,-0.02885479812030075188,138000,210000,1008,835,4.3,91,35440
E07000120,Hyndburn,North West,53.7594500034220532,-2.3810839688212928,92000,139950,1111,1106,4.3,92,44862
E07000080,Forest of Dean,South West,51.8053859256140351,-2.5231523305263158,183500,279000,1355,1099,4.3,93,41778
E07000075,Rochford,East of England,51.5915711018518519,0.66313725548696844993,270000,410000,1505,1334,4.3,94,46814
E07000071,Colchester,East of England,51.8785612870455440,0.88090198739992124951,217500,330000,3730,2686,4.3,95,109467
E08000015,Wirral,North West,53.3793965777735867,-3.0611333011457400,145000,220000,4691,4447,4.3,95,156949
E08000012,Liverpool,North West,53.4062065873753781,-2.9386216477540047,120000,182000,5721,4468,4.3,97,192037
E07000175,Newark and Sherwood,East Midlands,53.1047180900000000,-0.90001356976744186047,155000,235000,2010,1920,4.2,98,65755
E07000140,South Holland,East Midlands,52.7900348176082592,-0.07971160625179237167,155000,235000,1739,1488,4.2,98,56150
W06000010,Carmarthenshire,Wales,51.8223139421456888,-4.1690020816402379,130000,197000,2490,2204,4.2,100,77902
E07000243,Stevenage,East of England,51.9035298069078947,-0.19215461052631578947,227750,345000,1320,950,4.2,101,40849
E07000088,Gosport,South East,50.8037093879711986,-1.1567199601863617,167500,253000,1520,1129,4.2,102,50081
W06000016,Rhondda Cynon Taf,Wales,51.6164174909090909,-3.4056137008885851,106000,160000,3442,2798,4.2,103,105534
E09000004,Bexley,London,51.4592955858523861,0.13647457280957495780,285000,430000,3836,2738,4.2,104,115274
E07000039,South Derbyshire,East Midlands,52.8224234745805159,-1.5460143611319810,170000,256000,1971,1838,4.2,105,61679
E07000107,Dartford,South East,51.4388120131505316,0.24142587185226636821,253500,381500,2203,1507,4.2,106,59299
E07000108,Dover,South East,51.1924683711422846,1.3176686238476954,195000,293070,2347,1740,4.2,107,62658
E07000218,North Warwickshire,West Midlands,52.5542005687474500,-1.6243145948592411,173000,260000,1013,924,4.2,108,30284
W06000014,Vale of Glamorgan,Wales,51.4243940807174888,-3.2937799644245142,189950,285000,2307,1890,4.1,109,70719
E06000055,Bedford,East of England,52.1440445306151851,-0.47277691687076790088,229995,345000,3110,2266,4.1,110,90904
E06000020,Telford and Wrekin,West Midlands,52.6902512827737038,-2.4613271233757880,152000,228000,2802,2211,4.1,111,88577
E07000084,Basingstoke and Deane,South East,51.2864525745604019,-1.1463497513130852,250000,375000,3049,2510,4.1,111,98377
E08000033,Calderdale,Yorkshire and The Humber,53.7174448283913627,-1.9010141116850914,130000,195000,3200,2946,4.1,111,110979
E07000095,Broxbourne,East of England,51.7239400716471188,-0.02968776797552269250,290000,435000,1573,1297,4.1,111,53434
E07000067,Braintree,East of England,51.8878607549307595,0.59125137110085326619,230000,345000,2883,2294,4.1,111,88459
E07000202,Ipswich,East of England,52.0551508322475570,1.1556826247964169,157000,235000,2265,1475,4.1,116,69971
E06000062,West Northamptonshire,East Midlands,52.2248854368962888,-0.96734318530757498729,200000,299250,7517,6023,4.1,117,240390
E07000032,Amber Valley,East Midlands,53.0376470498539435,-1.4245952097370983,154000,230000,2247,1949,4.1,118,68803
E07000195,Newcastle-under-Lyme,West Midlands,53.0245956063627730,-2.2575240664767331,134000,200000,1801,1580,4.1,119,57070
E07000137,East Lindsey,East Midlands,53.2500092079040443,0.07900042011379363371,147500,219950,2376,2125,4.1,120,80891
E07000038,North East Derbyshire,East Midlands,53.2466805316251154,-1.4168273127885503,165000,246000,1425,1405,4.1,121,46163
E07000123,Preston,North West,53.7732621247158168,-2.7041530904514453,126000,187800,1811,1884,4.1,122,70393
W06000021,Monmouthshire,Wales,51.7164295995268139,-2.8187545205047319,210000,313000,1446,1229,4.1,122,45515
E07000011,Huntingdonshire,East of England,52.3361186302771062,-0.18712570755067881718,214998,320000,3336,2847,4.1,124,108174
E07000193,East Staffordshire,West Midlands,52.8350797198879552,-1.7113032551566081,160000,238000,1893,1775,4.1,125,63021
E06000042,Milton Keynes,South East,52.0388138607200000,-0.75132999848000000000,232000,345000,4730,3213,4.0,126,156090
E06000051,Shropshire,West Midlands,52.6912486698509004,-2.7190357432388821,185000,275000,5082,4311,4.0,127,157878
W06000003,Conwy,Wales,53.2614326122286397,-3.7499498713403704,146000,216975,1883,1792,4.0,128,64257
E06000044,Portsmouth,South East,50.8097967214862190,-1.0771367339728948,173975,258250,3552,2350,4.0,129,111577
E06000056,Central Bedfordshire,East of England,51.9794075259105715,-0.47470929049452176488,246000,365000,5942,4799,4.0,130,170108
E07000070,Chelmsford,East of England,51.7256214072867299,0.49401144490521327014,274995,408000,3225,2543,4.0,131,97251
E07000105,Ashford,South East,51.1350099837453437,0.83731831290213342364,233000,345000,2360,1762,4.0,132,69182
E07000143,Breckland,East of England,52.5809742943451833,0.86840739767913059495,182500,270000,2657,2067,4.0,133,78844
W06000004,Denbighshire,Wales,53.2140555431818182,-3.3990849665909091,135500,199950,1336,1229,4.0,134,47291
E06000022,Bath and North East Somerset,South West,51.3640034656465343,-2.4374936931495744,270000,398000,3368,2635,4.0,135,96002
E07000198,Staffordshire Moorlands,West Midlands,53.0661018173157747,-2.0397549265900813,154000,227000,1604,1466,4.0,136,46976
E07000034,Chesterfield,East Midlands,53.2453109178562484,-1.4214205777610819,134725,198500,1580,1432,4.0,137,49491
E07000073,Harlow,East of England,51.7681321853268428,0.10414772253129346314,227500,335000,1331,1024,3.9,138,42984
E07000069,Castle Point,East of England,51.5456461317386648,0.58303149803641556587,248000,365000,1595,1259,3.9,139,48480
E07000068,Brentwood,East of England,51.6309225393809378,0.31737315568495249770,340000,500000,1491,1244,3.9,140,43797
E08000018,Rotherham,Yorkshire and The Humber,53.4230438134189273,-1.3108761084075378,131250,193000,3390,3184,3.9,141,112361
E08000032,Bradford,Yorkshire and The Humber,53.8216226735323430,-1.8024070107256419,126000,185000,6904,6360,3.9,142,252977
E07000145,Great Yarmouth,East of England,52.6135555746003552,1.7074434638839550,149995,220000,1686,1374,3.9,143,54082
E07000082,Stroud,South West,51.7305276174534512,-2.2695350122249389,225000,330000,2183,1840,3.9,144,64693
E06000024,North Somerset,South West,51.3924538904335102,-2.8326183040973111,215000,315000,4399,3642,3.9,145,135113
E06000066,Somerset,South West,51.0867557156744095,-2.8629734089010346,195000,285000,10501,8239,3.9,146,320693
E07000138,Lincoln,East Midlands,53.2256453188966228,-0.54866539340036091776,130000,190000,1719,1206,3.9,146,54089
E07000235,Malvern Hills,West Midlands,52.1525485007350779,-2.3277130885033814,226000,330000,1231,1187,3.9,148,38436
E07000110,Maidstone,South East,51.2502500005576467,0.54375998745294855709,250000,365000,2837,2376,3.9,149,89385
E07000099,North Hertfordshire,East of England,51.9695632171418637,-0.20148039603616133519,288000,420000,2414,1926,3.8,150,72476
E07000139,North Kesteven,East Midlands,53.1005896522959184,-0.47662123086734693878,168000,245000,2383,1899,3.8,150,70226
E07000203,Mid Suffolk,East of England,52.2216857670250896,1.0513953957410921,215000,313500,1832,1827,3.8,152,58881
E09000026,Redbridge,London,51.5790141575611611,0.06670789466345544429,350000,510000,3305,2075,3.8,153,115472
E07000126,South Ribble,North West,53.7143369040873200,-2.7021841193683233,151000,220000,1913,1846,3.8,154,62145
E06000025,South Gloucestershire,South West,51.5181294442986293,-2.4997552317731117,230000,335000,4974,4086,3.8,155,153718
E07000141,South Kesteven,East Midlands,52.8219023538432412,-0.52776146346081029913,178725,260000,2838,2255,3.8,156,85761
E07000083,Tewkesbury,South West,51.9318377328300049,-2.1240705535801266,227250,330000,1798,1618,3.8,157,52630
E09000031,Waltham Forest,London,51.5879591957347356,-0.00932570537540169442,371975,540000,3398,2748,3.8,158,111137
E09000025,Newham,London,51.5311996850568702,0.03040136645313112825,310000,450012,2839,1880,3.8,159,98327
E06000011,East Riding of Yorkshire,Yorkshire and The Humber,53.8695557284633480,-0.49247975567423230975,155000,225000,6132,5843,3.8,160,205913
E07000197,Stafford,West Midlands,52.8343140135271553,-2.1353571564708258,179250,260000,2224,1914,3.8,161,69308
E09000010,Enfield,London,51.6396238602521174,-0.08300015274768564113,331000,480000,3517,2409,3.8,162,130186
E09000017,Hillingdon,London,51.5377536804940134,-0.43805985971528236071,352500,510000,3730,2300,3.8,163,121150
E06000036,Bracknell Forest,South East,51.4014878526176859,-0.76130311189323947793,290500,420000,2168,1690,3.8,164,71809
E07000078,Cheltenham,South West,51.8984641951177285,-2.0839958145775623,225000,325000,2470,1991,3.7,165,76000
E07000042,Mid Devon,South West,50.8700388483965015,-3.5187435439747328,202500,292000,1395,1103,3.7,166,43517
E08000017,Doncaster,Yorkshire and The Humber,53.5287395711725309,-1.11771068823695877747,125000,180000,4117,3860,3.7,167,141062
E07000092,Rushmoor,South East,51.2719568484427141,-0.76023517046718576196,250000,360000,1708,1259,3.7,167,54229
E07000213,Spelthorne,South East,51.4227701656976744,-0.45755164534883720930,325000,467500,1711,1288,3.7,169,52773
E07000009,East Cambridgeshire,East of England,52.3437382188641647,0.29182496147459315842,240000,344500,1419,1224,3.7,170,49724
E09000029,Sutton,London,51.3642318449625041,-0.18184253537658950114,320975,460000,3262,2239,3.7,171,107133
E07000176,Rushcliffe,East Midlands,52.9104367886904762,-1.0754912083333333,235750,337500,2068,1999,3.7,172,67801
E06000052,Cornwall,South West,50.3288200270044947,-4.9519608504784689,200000,286000,10493,7966,3.6,173,319877
E07000147,North Norfolk,East of England,52.8535508689523810,1.2098906472380952,210000,300000,2349,1527,3.6,174,66884
E07000224,Arun,South East,50.8091700558997050,-0.59681833598820058997,245000,350000,3566,2742,3.6,174,109518
E07000149,South Norfolk,East of England,52.5136203730866274,1.2259388556770395,210000,300000,2622,2127,3.6,174,77395
E07000128,Wyre,North West,53.8865788701521846,-2.9570894818360334,140000,199950,1844,1949,3.6,177,64815
W06000001,Isle of Anglesey,Wales,53.2861724675205855,-4.3830141405916438,157000,224000,964,774,3.6,178,31323
E07000237,Worcester,West Midlands,52.1985859614318125,-2.2094648303503907,181000,258000,1713,1483,3.6,179,59439
E06000045,Southampton,South East,50.9175258865406007,-1.3986391571190211,182500,260000,3975,2564,3.6,180,120423
E07000200,Babergh,East of England,52.0388354687166346,0.88299410377962844331,232000,330500,1462,1384,3.6,181,50214
E06000050,Cheshire West and Chester,North West,53.2342150073908560,-2.7903787601122952,182625,260000,5996,5180,3.6,182,177930
E07000064,Rother,South East,50.9116262730187815,0.51940563742556115437,249999,355000,2207,1307,3.6,183,64113
E06000013,North Lincolnshire,Yorkshire and The Humber,53.5859939363110008,-0.60708490802315963606,125000,177500,2447,2303,3.6,184,81796
E07000144,Broadland,East of England,52.6734110105633803,1.3210686519366197,215000,305000,2309,2208,3.6,185,76647
E07000098,Hertsmere,East of England,51.6653747566387142,-0.29273022711390635919,395000,560000,1744,1168,3.6,186,51387
E07000229,Worthing,South East,50.8200685727750986,-0.38908284414730381412,247000,350000,2552,1635,3.5,187,76384
E07000131,Harborough,East Midlands,52.5122459707303211,-1.0420573185564081,233000,329995,1821,1663,3.5,188,55975
E07000241,Welwyn Hatfield,East of England,51.7812783979209979,-0.20220227962577962578,305000,431899,1673,1251,3.5,189,51644
E06000060,Buckinghamshire,South East,51.7084665058589790,-0.74269201585370798362,325000,460000,9575,7383,3.5,190,288818
E07000223,Adur,South East,50.8329637696485623,-0.28588728051118210863,265000,375000,1090,878,3.5,191,36279
E07000127,West Lancashire,North West,53.5824627882753206,-2.8379865404344412,169998,240555,1384,1519,3.5,192,49723
E06000010,"Kingston upon Hull, City of",Yorkshire and The Humber,53.7583365419144877,-0.34096139815957804960,100000,141500,3377,2752,3.5,193,118269
E07000244,East Suffolk,East of England,52.2313678760316219,1.47576350838328555295,204950,290000,4660,3652,3.5,194,145243
E06000019,"Herefordshire, County of",West Midlands,52.0731340802170579,-2.6970149256812552,205000,290000,2844,2541,3.5,195,95303
W06000009,Pembrokeshire,Wales,51.7978371324851569,-4.9023182900763359,157000,222000,1860,1617,3.5,196,55970
E07000148,Norwich,East of England,52.6323103575934013,1.2844135633187773,165500,234000,2305,1806,3.5,197,72242
E07000087,Fareham,South East,50.8535402473997028,-1.2225422109955423,245000,346230,2196,1826,3.5,198,68452
E06000027,Torbay,South West,50.4480301637883008,-3.5460090315691736,177000,250000,2989,1982,3.5,199,92980
E07000035,Derbyshire Dales,East Midlands,53.1528567393433180,-1.6578870769009217,225250,318000,1185,1019,3.5,200,36088
E06000014,York,Yorkshire and The Humber,53.9654834959159860,-1.08294696919486581097,213000,300000,3469,2664,3.5,201,110608
E07000086,Eastleigh,South East,50.9490176442245921,-1.3410802532442503,244950,344995,2432,1990,3.5,202,78127
E07000106,Canterbury,South East,51.3132811269559606,1.0886627546378448,245000,345000,2819,2061,3.5,203,82908
E07000115,Tonbridge and Malling,South East,51.2607410519049283,0.36248432243970639636,295000,415000,2410,1937,3.5,204,66489
E08000022,North Tyneside,North East,55.0218475281585018,-1.5066896551770932,155000,218000,3468,2948,3.5,205,114301
E07000181,West Oxfordshire,South East,51.8117368824388463,-1.4915027757088962,285000,400000,1860,1616,3.4,206,60639
E06000065,North Yorkshire,Yorkshire and The Humber,54.1302177524386950,-1.2984123308221028,192500,270000,10959,9500,3.4,207,345267
E06000026,Plymouth,South West,50.3857995404691113,-4.1228835347428697,162000,227000,4370,3636,3.4,208,138594
E06000058,"Bournemouth, Christchurch and Poole",South West,50.7358851291113381,-1.8853012839632278,242000,338850,8322,5470,3.4,209,261719
W06000005,Flintshire,Wales,53.2039183038824383,-3.1107608717343977,154995,217000,2361,1983,3.4,210,68830
E07000226,Crawley,South East,51.1180979539458976,-0.18375241985244802146,250000,350000,1680,1146,3.4,211,53258
E07000111,Sevenoaks,South East,51.2917827645444566,0.17475656220270764727,350000,490000,1874,1585,3.4,211,57128
E07000234,Bromsgrove,West Midlands,52.3553294373582766,-2.0303140955215420,245000,343000,1722,1313,3.4,211,50918
E09000006,Bromley,London,51.3917539909948913,0.02617149900424279158,375000,525000,5963,4169,3.4,211,177148
E07000079,Cotswold,South West,51.8089411907951599,-1.8774551359118410,318000,445000,1743,1355,3.4,215,50277
E07000046,Torridge,South West,50.9380187712043465,-4.2251641101720495,199950,279625,1476,1082,3.4,216,41535
E07000116,Tunbridge Wells,South East,51.1307125350387318,0.34438305476490722392,316375,441750,2152,1638,3.4,217,65233
E07000238,Wychavon,West Midlands,52.1516427408184680,-2.0332251121021336,232998,325000,2360,1810,3.4,218,67260
E07000124,Ribble Valley,North West,53.8492571820191599,-2.4402396477523950,203000,283000,1009,1067,3.4,219,33773
E07000047,West Devon,South West,50.6384322233009709,-4.0670560165048544,215000,299250,990,872,3.4,220,31519
E07000090,Havant,South East,50.8573102239221140,-0.99715646777932313398,230000,320000,2276,1621,3.4,221,63693
E06000054,Wiltshire,South West,51.3125330254281720,-1.9915543798060119,230000,320000,8917,7217,3.4,221,270540
E07000096,Dacorum,East of England,51.7610300221134102,-0.51169454857052598326,325000,452000,2833,1963,3.4,223,81654
E07000103,Watford,East of England,51.6623909888709914,-0.40506547532581637136,300000,417150,1580,1011,3.4,224,51922
E06000038,Reading,South East,51.4537991184195235,-0.98358692004648460198,252000,350000,2911,1923,3.3,225,89304
E06000046,Isle of Wight,South East,50.6881565700077700,-1.2571140104118104,187500,260000,3078,2085,3.3,226,95384
E09000008,Croydon,London,51.3683377400176809,-0.09680784455576838073,306500,425000,5631,3715,3.3,227,171613
W06000006,Wrexham,Wales,53.0357139512839879,-3.0057972998489426,141000,195500,1597,1470,3.3,228,53837
E06000043,Brighton and Hove,South East,50.8321876067832035,-0.14801899800494014820,300000,415000,5232,3567,3.3,229,173592
E06000064,Westmorland and Furness,North West,54.3495628624698588,-2.8905694774371340,170000,235000,4119,3497,3.3,230,132010
E07000065,Wealden,South East,50.9467163288250211,0.20754087042627701968,275000,380000,2914,2466,3.3,231,94121
E07000245,West Suffolk,East of England,52.2504635536312849,0.59568229287709497207,210000,290000,3308,2599,3.3,232,99514
E07000121,Lancaster,North West,54.0658731245289790,-2.8080352289610623,144975,200000,2378,1906,3.3,233,79040
E07000216,Waverley,South East,51.1698141500463106,-0.68042474220438406916,400750,552500,2304,1877,3.3,234,70733
E07000240,St Albans,East of England,51.7657390963855422,-0.33018252164212405176,450000,620000,2636,2031,3.3,235,83122
E09000015,Harrow,London,51.5917958649965994,-0.33801045658580820676,400000,551000,2936,1541,3.3,236,90515
E07000222,Warwick,West Midlands,52.2979624617024766,-1.5620595912743972,260000,358000,2708,2273,3.3,237,84769
E07000242,East Hertfordshire,East of England,51.8406657265977580,0.01978246469646236716,326950,450000,2961,2260,3.2,238,89749
E07000045,Teignbridge,South West,50.5684291893195808,-3.5927745791049742,218000,300000,2704,1981,3.2,239,80712
E06000012,North East Lincolnshire,Yorkshire and The Humber,53.5612544296017046,-0.09738563481396492378,120000,165000,2220,2167,3.2,240,86232
E08000029,Solihull,West Midlands,52.4238735133746411,-1.7711694642587275,240000,330000,3461,2708,3.2,240,107045
E06000017,Rutland,East Midlands,52.6591130036923077,-0.68005830646153846154,240000,330000,815,611,3.2,240,21752
E07000040,East Devon,South West,50.7276890010913059,-3.2511701577543349,240000,330000,3328,2447,3.2,240,94050
E07000093,Test Valley,South East,51.0966848237240076,-1.4899857818210460,266000,365000,2435,1816,3.2,244,68583
E07000077,Uttlesford,East of England,51.9360353517575140,0.26841444345389709628,341072,467225,1742,1442,3.2,245,47594
E06000059,Dorset,South West,50.7813564249680344,-2.2859931341392537,252500,345000,7298,6135,3.2,246,232487
E09000018,Hounslow,London,51.4714295626911315,-0.34656591838025941158,355000,485000,3206,1960,3.2,247,98566
E07000012,South Cambridgeshire,East of England,52.1944395422526447,0.08371991835718730554,320000,437000,2531,2229,3.2,248,81817
E07000179,South Oxfordshire,South East,51.6251162984560702,-1.0696730512051538,330000,450000,2536,2081,3.2,249,80124
E07000063,Lewes,South East,50.8325009835390947,0.03112130511463844797,278750,380000,1832,1535,3.1,250,59618
E07000043,North Devon,South West,51.0920049690200211,-4.0234636560590095,216500,295000,1774,1417,3.1,251,56287
E07000118,Chorley,North West,53.6596311192261185,-2.6458528125755744,162950,221625,2086,1648,3.1,252,60329
E07000061,Eastbourne,South East,50.7797210656503565,0.28356342709613966068,202500,275000,2250,1524,3.1,253,72382
E07000214,Surrey Heath,South East,51.3333153874023206,-0.71405247928013260715,349950,475000,1498,1239,3.1,254,51140
E07000072,Epping Forest,East of England,51.6817778759449506,0.09858541887962783485,380000,515000,2335,1775,3.1,255,69755
E06000005,Darlington,North East,54.5300792645985401,-1.5504372228558394,131000,177500,1689,1603,3.1,256,60990
E07000041,Exeter,South West,50.7218317314865110,-3.5150066500090531,221500,300000,2393,1615,3.1,257,68144
E07000228,Mid Sussex,South East,51.0255545873693508,-0.09692189665832474606,325000,440000,2931,2399,3.1,258,87532
E08000021,Newcastle upon Tyne,North East,54.9871815531569395,-1.63296944388193714777,151510,205000,3779,3282,3.1,259,128205
E07000221,Stratford-on-Avon,West Midlands,52.1996787676888556,-1.6475818056843680,275000,369975,2447,2260,3.0,260,75271
W06000002,Gwynedd,Wales,52.9705849934739718,-4.1410222580057672,145000,195000,1678,1450,3.0,261,53839
E07000225,Chichester,South East,50.8735260267078245,-0.76747081975573748490,317000,425000,2179,1631,3.0,262,67707
E07000091,New Forest,South East,50.8373265430763542,-1.55928342161212793492,285000,382000,3339,2605,3.0,263,106783
W06000008,Ceredigion,Wales,52.2380744240989213,-4.2151724506708761,168000,225000,847,806,3.0,264,28765
E06000037,West Berkshire,South East,51.4272827942009822,-1.25981702313940309785,300000,401500,2755,2249,3.0,265,86557
E07000211,Reigate and Banstead,South East,51.2494352765518336,-0.18870693999047467852,355000,475000,2834,2067,3.0,266,85780
E07000215,Tandridge,South East,51.2559584379519815,-0.05186602979461961238,381162,509000,1674,1158,2.9,267,47155
E06000009,Blackpool,North West,53.8176749662439024,-3.0383919880975610,103000,137500,1823,1947,2.9,268,83077
E09000021,Kingston upon Thames,London,51.3979943791840133,-0.28716503463780183181,412000,550000,2565,1843,2.9,268,88809
E07000212,Runnymede,South East,51.3991946626653601,-0.52493156442920137188,350000,465000,1496,1101,2.9,270,46821
E07000044,South Hams,South West,50.3618730749115218,-3.8011298554856469,275000,365000,1769,1487,2.9,271,57050
E07000177,Cherwell,South East,51.9650954957534843,-1.2634114198606272,270000,358000,2709,2240,2.9,272,89358
E09000005,Brent,London,51.5514900950401773,-0.25714360755518610880,415000,550000,2935,1897,2.9,273,93880
E06000057,Northumberland,North East,55.1754149025820886,-1.7963139564007982,155000,204995,4933,4929,2.8,274,166987
E07000085,East Hampshire,South East,51.0708190661055585,-0.92917950867964229353,318000,420000,2432,1799,2.8,275,67953
E09000023,Lewisham,London,51.4528111969661881,-0.02499577443260768874,360000,475000,4493,2931,2.8,276,128789
E06000047,County Durham,North East,54.7525862431523540,-1.6266414692465153,110000,145000,7246,7279,2.8,277,253771
E07000209,Guildford,South East,51.2484967208107337,-0.57662947116757065373,379475,500000,2272,1910,2.8,278,75069
E09000014,Haringey,London,51.5899222309685379,-0.10560039420111042566,439000,575000,2701,2239,2.7,279,96332
E09000024,Merton,London,51.4111863813991770,-0.19645630781893004115,420000,550000,2918,2165,2.7,280,102393
E07000102,Three Rivers,East of England,51.6469737849390919,-0.44583535681063122924,420000,550000,1502,1090,2.7,280,46706
E07000210,Mole Valley,South East,51.2575304958904110,-0.32842521833508956797,441000,577500,1480,1118,2.7,282,45618
E07000119,Fylde,North West,53.7642619883939774,-2.9623172390213300,184950,242000,1518,1355,2.7,283,50445
E09000011,Greenwich,London,51.4768041578362356,0.05192538853896504878,352000,460000,4074,2493,2.7,284,111921
E07000217,Woking,South East,51.3190378819123155,-0.55996111588455606962,345000,450000,1857,1399,2.7,285,61124
E07000094,Winchester,South East,51.0164331563533302,-1.2496247786175405,357000,465000,2097,1695,2.7,286,65058
E08000023,South Tyneside,North East,54.9738678172892209,-1.4494166627534685,129950,168750,1775,1622,2.6,287,59819
E06000040,Windsor and Maidenhead,South East,51.4872445737250554,-0.68022982150776053215,420000,545000,2465,1962,2.6,288,79309
E06000063,Cumberland,North West,54.7303771689447384,-3.2230135570252792,134995,175000,4522,4245,2.6,289,143776
E06000004,Stockton-on-Tees,North East,54.5668111425414365,-1.3217255819060773,135000,175000,2780,2734,2.6,290,99445
E07000208,Epsom and Ewell,South East,51.3429970720000000,-0.26178298782608695652,424308,550000,1346,1017,2.6,291,42388
E06000041,Wokingham,South East,51.4221886453527436,-0.87538201444568868981,378500,490000,3042,2417,2.6,292,96035
E06000003,Redcar and Cleveland,North East,54.5726872605349240,-1.0652073057533192,127500,164995,1783,1789,2.6,293,64835
E08000024,Sunderland,North East,54.8924606252821670,-1.4390960584855325,120000,155000,3170,3001,2.6,294,116090
E07000180,Vale of White Horse,South East,51.6493561063645797,-1.3747841598062954,310000,400000,2382,2227,2.6,295,69319
E09000003,Barnet,London,51.6052549479678696,-0.20803928174079846541,450000,580000,4974,3350,2.6,296,157439
E07000207,Elmbridge,South East,51.3714322622276398,-0.39706464360810604906,505000,650000,2385,2029,2.6,297,85486
E07000178,Oxford,South East,51.7470938771148709,-1.2362042821311962,350000,450000,1682,1310,2.5,298,58666
E08000037,Gateshead,North East,54.9438059570351401,-1.6448125376298193,129999,165000,2519,2412,2.4,299,90832
E07000227,Horsham,South East,51.0101004974024046,-0.35715540878729404780,345000,435000,2917,2148,2.3,300,84729
E07000089,Hart,South East,51.2877576039325843,-0.86424397665028089888,370000,465000,1752,1510,2.3,301,57145
E06000001,Hartlepool,North East,54.6808232972047918,-1.2258099289788933,124000,155000,1226,1270,2.3,302,46623
E09000027,Richmond upon Thames,London,51.4491082989049278,-0.31672720408163265306,577000,720000,3247,2539,2.2,303,114850
E09000009,Ealing,London,51.5180251690354049,-0.32493428399629972248,432000,535000,3497,2571,2.2,304,128806
E07000008,Cambridge,East of England,52.2021322999156118,0.13695354666666666667,405000,492500,1644,1235,2.0,305,53041
E06000002,Middlesbrough,North East,54.5555925589026358,-1.2277867661825354,130000,155000,1797,1647,1.8,306,62645
E09000012,Hackney,London,51.5498549779610408,-0.06965733712498222665,490000,581401,2843,2060,1.7,307,80831
E09000030,Tower Hamlets,London,51.5179972653174898,-0.04333381099145933903,425000,500000,4080,2502,1.6,308,122928
E09000022,Lambeth,London,51.4575616561426316,-0.12048511393815581762,460000,540000,4588,3509,1.6,309,142050
E09000032,Wandsworth,London,51.4559856623590872,-0.17645222133626615342,560000,648000,5890,4593,1.5,310,196788
E09000028,Southwark,London,51.4835800573440644,-0.07870919493886395295,475000,535000,4050,2873,1.2,311,119134
E09000019,Islington,London,51.5390809079889002,-0.10902994450124141960,580000,640500,2333,1843,1.0,312,82211
E09000007,Camden,London,51.5345310686919624,-0.14329835828054855175,705000,770000,2459,1761,0.9,313,87956
E09000001,City of London,London,51.5143002903036526,-0.09142339166788910078,799999,790000,283,142,-0.1,314,8658
E09000020,Kensington and Chelsea,London,51.4984631859168022,-0.18740217557518010690,1175000,1150000,2173,1533,-0.2,315,89353
E09000033,Westminster,London,51.5131828909980053,-0.14864696004118139116,890000,870000,2883,1924,-0.2,316,123264
E09000013,Hammersmith and Fulham,London,51.4920772127717391,-0.21638101263586956522,730000,700000,2426,2092,-0.4,317,91497
